{"transforms":{"house1_1":{"position":{"x":0,"y":0,"z":15.348791078602328},"rotation":{"x":0,"y":0,"z":0},"scale":{"x":1,"y":1,"z":1}},"house1_2":{"position":{"x":-2.7432796087150377,"y":0,"z":-21.62139053929186},"rotation":{"x":0,"y":1.5707963267948966,"z":0},"scale":{"x":1,"y":1,"z":1}},"house1_3":{"position":{"x":0,"y":0,"z":30},"rotation":{"x":0,"y":0,"z":0},"scale":{"x":1,"y":1,"z":1}},"house2_1":{"position":{"x":8,"y":0,"z":0.12510384870374158},"rotation":{"x":0,"y":0,"z":0},"scale":{"x":1,"y":1,"z":1}},"house2_2":{"position":{"x":8,"y":0,"z":15},"rotation":{"x":0,"y":0,"z":0},"scale":{"x":1,"y":1,"z":1}},"house2_3":{"position":{"x":2.919253569156934,"y":0,"z":-16.230030237504504},"rotation":{"x":0,"y":-1.5707963267948966,"z":0},"scale":{"x":1,"y":1,"z":1}},"house3_1":{"position":{"x":2.9909878580847202,"y":0.02267684676019177,"z":-23.474074009303337},"rotation":{"x":0,"y":-1.5707963267948966,"z":0},"scale":{"x":1,"y":1,"z":1}},"house3_2":{"position":{"x":14,"y":0,"z":15},"rotation":{"x":0,"y":0,"z":0},"scale":{"x":1,"y":1,"z":1}},"house3_3":{"position":{"x":14,"y":0,"z":30},"rotation":{"x":0,"y":0,"z":0},"scale":{"x":1,"y":1,"z":1}},"nuclearPlant_1":{"position":{"x":-6.1984691282852395,"y":0,"z":-33.69893944860217},"rotation":{"x":0,"y":0,"z":0},"scale":{"x":1,"y":1,"z":1}},"nuclearPlant_2":{"position":{"x":20,"y":0,"z":15},"rotation":{"x":0,"y":0,"z":0},"scale":{"x":1,"y":1,"z":1}},"nuclearPlant_3":{"position":{"x":20,"y":0,"z":30},"rotation":{"x":0,"y":0,"z":0},"scale":{"x":1,"y":1,"z":1}},"warehouse_1":{"position":{"x":8.850723238052609,"y":0,"z":-33.278942225411},"rotation":{"x":0,"y":0,"z":0},"scale":{"x":1,"y":1,"z":1}},"warehouse_2":{"position":{"x":32,"y":0,"z":15},"rotation":{"x":0,"y":0,"z":0},"scale":{"x":1,"y":1,"z":1}},"warehouse_3":{"position":{"x":5.95324119074694,"y":0,"z":-39.83930276719122},"rotation":{"x":0,"y":-1.5707963267948966,"z":0},"scale":{"x":1,"y":1,"z":1}},"office_1":{"position":{"x":4.377865196499504,"y":0,"z":-46.80736938961835},"rotation":{"x":-3.141592653589793,"y":0,"z":-3.141592653589793},"scale":{"x":1,"y":1,"z":1}},"office_2":{"position":{"x":-4.354452314020959,"y":0,"z":-39.91850250021147},"rotation":{"x":0,"y":0,"z":0},"scale":{"x":1,"y":1,"z":1}},"office_3":{"position":{"x":44,"y":0,"z":30},"rotation":{"x":0,"y":0,"z":0},"scale":{"x":1,"y":1,"z":1}},"tree1_1":{"position":{"x":2.3379346061704642,"y":0.0016996550533756683,"z":-25.064246933462357},"rotation":{"x":-3.141592653589793,"y":0,"z":-3.141592653589793},"scale":{"x":1,"y":1,"z":1}},"tree1_2":{"position":{"x":52,"y":0.0016996550533756683,"z":15},"rotation":{"x":0,"y":0,"z":0},"scale":{"x":1,"y":1,"z":1}},"tree1_3":{"position":{"x":52,"y":0.0016996550533756683,"z":30},"rotation":{"x":0,"y":0,"z":0},"scale":{"x":1,"y":1,"z":1}},"trafficlight1_1":{"position":{"x":-1.7048571964922576,"y":0.1051511246554271,"z":-25.62150383969561},"rotation":{"x":0,"y":0,"z":0},"scale":{"x":1,"y":1,"z":1}},"trafficlight1_2":{"position":{"x":56,"y":0,"z":15},"rotation":{"x":0,"y":0,"z":0},"scale":{"x":1,"y":1,"z":1}},"trafficlight1_3":{"position":{"x":56,"y":0,"z":30},"rotation":{"x":0,"y":0,"z":0},"scale":{"x":1,"y":1,"z":1}},"roadbarrier1_1":{"position":{"x":60,"y":0.006384238740453116,"z":0.0002781612489040214},"rotation":{"x":0,"y":0,"z":0},"scale":{"x":1,"y":1,"z":1}},"roadbarrier1_2":{"position":{"x":0.9766206540967097,"y":0.006384238740453116,"z":-29.450513559004577},"rotation":{"x":0,"y":0,"z":0},"scale":{"x":1,"y":1,"z":1}},"roadbarrier1_3":{"position":{"x":60,"y":0.006384238740453116,"z":30},"rotation":{"x":0,"y":0,"z":0},"scale":{"x":1,"y":1,"z":1}},"apartment1_1":{"position":{"x":64,"y":0,"z":-0.04327002167701721},"rotation":{"x":0,"y":0,"z":0},"scale":{"x":1,"y":1,"z":1}},"apartment1_2":{"position":{"x":64,"y":0,"z":15},"rotation":{"x":0,"y":0,"z":0},"scale":{"x":1,"y":1,"z":1}},"apartment1_3":{"position":{"x":64,"y":0,"z":30},"rotation":{"x":0,"y":0,"z":0},"scale":{"x":1,"y":1,"z":1}},"building1_1":{"position":{"x":72,"y":0,"z":-0.04429590702056885},"rotation":{"x":0,"y":0,"z":0},"scale":{"x":1,"y":1,"z":1}},"building1_2":{"position":{"x":72,"y":0,"z":15},"rotation":{"x":0,"y":0,"z":0},"scale":{"x":1,"y":1,"z":1}},"building1_3":{"position":{"x":72,"y":0,"z":30},"rotation":{"x":0,"y":0,"z":0},"scale":{"x":1,"y":1,"z":1}},"house4_1":{"position":{"x":80,"y":0,"z":0.30759501457214355},"rotation":{"x":0,"y":0,"z":0},"scale":{"x":1,"y":1,"z":1}},"house4_2":{"position":{"x":80,"y":0,"z":15},"rotation":{"x":0,"y":0,"z":0},"scale":{"x":1,"y":1,"z":1}},"house4_3":{"position":{"x":80,"y":0,"z":30},"rotation":{"x":0,"y":0,"z":0},"scale":{"x":1,"y":1,"z":1}},"autoshop_1":{"position":{"x":88,"y":0,"z":0.569817066192627},"rotation":{"x":0,"y":0,"z":0},"scale":{"x":1,"y":1,"z":1}},"autoshop_2":{"position":{"x":88,"y":0,"z":15},"rotation":{"x":0,"y":0,"z":0},"scale":{"x":1,"y":1,"z":1}},"autoshop_3":{"position":{"x":88,"y":0,"z":30},"rotation":{"x":0,"y":0,"z":0},"scale":{"x":1,"y":1,"z":1}},"factory_1":{"position":{"x":96,"y":0,"z":0.2871987819671631},"rotation":{"x":0,"y":0,"z":0},"scale":{"x":1,"y":1,"z":1}},"factory_2":{"position":{"x":96,"y":0,"z":15},"rotation":{"x":0,"y":0,"z":0},"scale":{"x":1,"y":1,"z":1}},"factory_3":{"position":{"x":96,"y":0,"z":30},"rotation":{"x":0,"y":0,"z":0},"scale":{"x":1,"y":1,"z":1}},"car":{"position":{"x":-0.634519544471007,"y":-0.0020247731118239187,"z":-18.410829794374106},"rotation":{"x":-3.141592653589793,"y":0,"z":-3.141592653589793},"scale":{"x":0.5,"y":0.5,"z":0.5}},"roadbarrier1_4":{"position":{"x":-0.9443326708058752,"y":0,"z":-29.442509897240747},"rotation":{"x":0,"y":0,"z":0},"scale":{"x":1,"y":1,"z":1}},"roadbarrier1_5":{"position":{"x":-0.02508400278531453,"y":0,"z":-29.446219751337644},"rotation":{"x":0,"y":0,"z":0},"scale":{"x":1,"y":1,"z":1}},"autoshop_4":{"position":{"x":3.0446669337265955,"y":0,"z":-30.382506133634923},"rotation":{"x":0,"y":0,"z":0},"scale":{"x":1,"y":1,"z":1}},"apartment1_4":{"position":{"x":2.861759888503306,"y":0,"z":-19.545164334900814},"rotation":{"x":0,"y":-1.5707963267948966,"z":0},"scale":{"x":1,"y":1,"z":1}},"building1_4":{"position":{"x":-2.86654898392964,"y":0,"z":-18.973958077220978},"rotation":{"x":0,"y":1.5707963267948966,"z":0},"scale":{"x":1,"y":1,"z":1}},"factory_4":{"position":{"x":-4.103158232764084,"y":0,"z":-45.44298602497588},"rotation":{"x":0,"y":0,"z":0},"scale":{"x":1,"y":1,"z":1}},"house4_4":{"position":{"x":-2.637098570149069,"y":0,"z":-24.726097052928722},"rotation":{"x":0,"y":1.5707963267948966,"z":0},"scale":{"x":1,"y":1,"z":1}},"house3_4":{"position":{"x":2.4525837533967723,"y":0,"z":-34.98462014304481},"rotation":{"x":0,"y":-1.5707963267948966,"z":0},"scale":{"x":1,"y":1,"z":1}},"tree1_4":{"position":{"x":2.2098643609363027,"y":0,"z":-33.351114732887574},"rotation":{"x":0,"y":-1.5707963267948966,"z":0},"scale":{"x":0.7916809795553205,"y":0.7916809795553205,"z":0.7916809795553205}}},"spawned":[{"name":"roadbarrier1_4","type":"roadbarrier1"},{"name":"roadbarrier1_5","type":"roadbarrier1"},{"name":"autoshop_4","type":"autoshop"},{"name":"apartment1_4","type":"apartment1"},{"name":"building1_4","type":"building1"},{"name":"factory_4","type":"factory"},{"name":"house4_4","type":"house4"},{"name":"house3_4","type":"house3"},{"name":"tree1_4","type":"tree1"}]}